,ATENDIMENTO_BAIRRO_NOME,RENDA
0,ALTO BOQUEIRAO,"1110,63"
1,LAMENHA PEQUENA,"665,99"
2,XAXIM,"1211,6"
3,RIVIERA,"423,13"
4,SAO MIGUEL,"409,43"
5,CAMPO DE SANTANA,"564,95"
6,GANCHINHO,"767,35"
7,TATUQUARA,"462,26"
8,CAXIMBA,"525,34"
9,UMBARA,"908,7"
10,AUGUSTA,"619,54"
11,BOQUEIRAO,"1413,53"
12,PRADO VELHO,"766,57"
13,SITIO CERCADO,"934,95"
14,CIDADE INDUSTRIAL,"639,09"
15,CACHOEIRA,"908,7"
16,PINHEIRINHO,"707,3"
17,CAJURU,"793,75"
18,SANTA CANDIDA,"1211,6"
19,FAZENDINHA,"833,84"
20,LINDOIA,"809,46"
21,UBERABA,"952,14"
22,BAIRRO ALTO,"1211,6"
23,CAPAO RASO,"977,19"
24,BARREIRINHA,"1272,18"
25,ABRANCHES,"1009,67"
26,PAROLIN,"1365,48"
27,ATUBA,"1211,6"
28,CAMPO COMPRIDO,"1216,71"
29,BUTIATUVINHA,"1135,7"
30,CAPAO DA IMBUIA,"1147,78"
31,TABOAO,"1009,67"
32,GUAIRA,"1235,61"
33,FANNY,"1189,54"
34,PILARZINHO,"1211,6"
35,NOVO MUNDO,"1040,4"
36,SAO BRAZ,"1206,5"
37,HAUER,"1615,47"
38,TINGUI,"1615,47"
39,ORLEANS,"1277,22"
40,SAO JOAO,"1166,03"
41,SANTA QUITERIA,"1487,95"
42,GUABIROTUBA,"1720,98"
43,SANTA FELICIDADE,"1314,67"
44,BOA VISTA,"1817,4"
45,SANTO INACIO,"1518,26"
46,JARDIM BOTANICO,"1885,75"
47,PORTAO,"1722,89"
48,MERCES,"2475,33"
49,VISTA ALEGRE,"2079,83"
50,BOM RETIRO,"2132,75"
51,REBOUCAS,"2180,47"
52,SAO FRANCISCO,"2309,05"
53,CASCATINHA,"2198,43"
54,TARUMA,3029
55,CENTRO,"2221,51"
56,BACACHERI,3029
57,CAMPINA DO SIQUEIRA,"1903,78"
58,JARDIM DAS AMERICAS,"2304,19"
59,ALTO DA RUA XV,"2612,08"
60,AHU,"2827,81"
61,SAO LOURENCO,"2423,2"
62,VILA IZABEL,"2438,13"
63,CRISTO REI,"2603,13"
64,HUGO LANGE,"3119,76"
65,CABRAL,"3914,15"
66,JARDIM SOCIAL,"4606,6"
67,SEMINARIO,"3210,65"
68,JUVEVE,"3435,48"
69,CENTRO CIVICO,"2878,11"
70,AGUA VERDE,"3332,57"
71,ALTO DA GLORIA,"3263,47"
72,BIGORRILHO,"3792,68"
73,MOSSUNGUE,"2965,09"
74,BATEL,"5120,73"
